{"age":0.8873995349,"bmi":-0.3357034756,"elective_surgery":0.0,"height":-0.943723452,"pre_icu_los_days":0.1394216503,"weight":-0.7051467725,"apache_2_diagnosis":-0.946091071,"apache_3j_diagnosis":-0.8243602596,"apache_post_operative":0.0,"arf_apache":0.0,"bun_apache":-0.9058206439,"creatinine_apache":-0.7469095858,"gcs_eyes_apache":-3.0273436805,"gcs_motor_apache":-2.2540725276,"gcs_unable_apache":-0.0231078803,"gcs_verbal_apache":-2.6406044885,"glucose_apache":-0.1492059984,"heart_rate_apache":0.6903936958,"hematocrit_apache":0.6141044185,"intubated_apache":0.0,"map_apache":-1.2190441991,"resprate_apache":0.0844951027,"sodium_apache":1.5620177473,"temp_apache":-1.6039055861,"ventilated_apache":1.0,"wbc_apache":0.1903910759,"aids":0.0,"cirrhosis":0.0,"hepatic_failure":0.0,"immunosuppression":0.0,"leukemia":0.0,"lymphoma":0.0,"solid_tumor_with_metastasis":0.0,"gender_M":0.0,"icu_stay_type_readmit":0.0,"icu_stay_type_transfer":0.0,"icu_admit_source_Floor":1.0,"icu_admit_source_Operating Room \/ Recovery":0.0,"icu_admit_source_Other Hospital":0.0,"icu_admit_source_Other ICU":0.0,"hospital_admit_source_te":0.8747526352,"ethnicity_te":-0.3121511183,"icu_type_te":-0.6170372763}